{"intents": [

  {
   "tag": "greeting",
   "patterns": [
      "Hi",
      "How are you?",
      "Is anyone there?",
      "Hello",
      "Good day",
      "What's up",
      "how are ya",
      "heyy",
      "hey",
      "whatsup",
      "??? ??? ??"
   ],
   "responses": [
      "Hello!",
      "Good to see you again!",
      "Hi there, how can I help?"
   ],
   "context_set": ""
 },
{
  "tag": "goodbye",
  "patterns": [
     "cya",
     "see you",
     "bye bye",
     "See you later",
     "Goodbye",
     "I am Leaving",
     "Bye",
     "Have a Good day",
     "talk to you later",
     "ttyl",
     "i got to go",
     "gtg"
  ],
  "responses": [
     "Sad to see you go :(",
     "Talk to you later",
     "Goodbye!",
     "Come back soon",
     "Nice chatting with you",
     "Have a great time!"
  ],
  "context_set": ""
},

{
  "tag": "creator",
  "patterns": [
     "name of developers",
     "name of creators",
     "name of the developers",
     "name of the creators",
     "who created you",
     "developers",
     "creators",
     "developers",
     "developers",
     "creators",
     "who made you",
     "who designed you",
     "yourself",
     "introduce yourself",
     "how can you help me",
     "who are you",
     "help"
  ],
  "responses": [

     "I am your chatbot assistant and created by our College students.I can help you by giving information about college curriculam."
  ],
  "context_set": ""
},

{
   "tag": "helper",
   "patterns": [
      "yourself",
      "introduce yourself",
      "introduce",
      "how can you help me",
      "help"
   ],
   "responses": [
 
      "I am your chatbot assistant and created by our College students.I can help you by giving information about college curriculam."
   ],
   "context_set": ""
 },

 {
   "tag": "helpdesk",
   "patterns": [
      "yourself",
      "Introduce yourself",
      "How can you help me"
   ],
   "responses": [
 
      "I am your chatbot assistant and created by our College students.I can help you by giving information about college curriculam."
   ],
   "context_set": ""
 },

{
  "tag": "name",
  "patterns": [
     "you",
     "name",
     "you can",
     "can you",
     "called",
     "identity",
     "id",
     "ID",
     "yourself"
  ],
  "responses": [
     "You can call me Mind Reader.",
     "I'm Mind Reader",
     "I am a Chatbot.",
     "I am your helper"
  ],
  "context_set": ""
},



  {"tag": "courses",
  "patterns": ["courses offered","courses available",
  "courses", 
  "course",
  "engineeering courses",
  "courses in college","courses vacancy",
  "courses availability",
  "courses do you offer", 
  "degree",
  "Bachelors Program",
  "Bachelors Degree",
  "Bachelors",
  "Master Program",
  "Master Degree",
  "management program",
  "management degree",
  "University Program",
  "University Degree",
  "courses available in college",
  "do you have courses",
  "what are the courses offered"
],
  "responses": ["VIET College offers Graduate and Post Graduate in Comp Sc, IT, Mechanical engineering, Chemical engineering, Civil engineering & Business to aspiring students."]
  },

   {"tag": "courseDuration",
  "patterns": ["BIT or BBA course", "co-education","co-ed","coed course","courseDuration","complete BIT or BBA course","duration","completion","complete"],
  "responses": ["VIET College offers Graduate and Post Graduate in Comp Sc, IT, Mechanical engineering, Chemical engineering, Civil engineering & Business to aspiring students.A Co-Education institute located in Matepani-12, pokhara near Gandaki Hospital."]
  },

   {"tag": "Location",
  "patterns": ["location","location of institute","location of college","coed","institute location","co-ed college","co-ed institute","coeducation","co-ed","coeducation college","coeducation institute","institute","college location","address of institute","institute address","located"],
  "responses": ["VIET College offers Graduate and Post Graduate in Comp Sc, IT, Mechanical engineering, Chemical engineering, Civil engineering & Business to aspiring students.Our College, a Co-Education institute is located in Matepani-12, pokhara near Gandaki Hospital and our college offers 3 year long co-education courses in BBA & B.Tech stream."]
  },

  {"tag": "semesters",
  "patterns": ["semester","semesters in a year","Semester exam timetable","semester timetable","semester schedule","exam schedule"],
  "responses": ["There are two semesters in a year."]
  },

  {"tag": "semesters Duration",
  "patterns": ["semester","semesters","semester duration"],
  "responses": ["The single semester will be around 4 months."]
  },

  {"tag": "admission",
  "patterns": ["student requirements for admission",
  "admission process",
  "entry requirements","admission",
  "process of admission",
  "admission requirements",
  "eligibility criteria",
  "eligibility",
   "admission process for  students",
   "admission process in  college",
   "admission process in college",
   "process of admission in college",
   "do you have admission"],
  "responses": 
  ["Academic Level:+2 overall aggregate of 2.2 CGPA (55%) or above with each subject (theory and practical) grade D+ or above, and SEE Mathematics score of C+ ( 50%) or above."]
  },

  {"tag": "classes",
  "patterns": ["classes in a day","classes", "do you have classes"],
  "responses": ["There may be two or three classes per day. Each class will be of 1 hour and 30 minutes."]
  },

  {"tag": "exams",
  "patterns": ["exams like?","exam pattern","semester","exam","exam question", "do you have exams","semester question","revision exam","main exam","univerity exam","semester date","exam date","semester exams","exam semester"],
  "responses": ["Exam are conducted periodically governed by university & college regulations.There are assignments which carry more weight than your written exams. The assignments have deadlines which you should not exceed if you want to get better marks."]
  },

  {"tag": "hours",
  "patterns": ["hours",
"hours of operation",
  "timing of college",
  "college timing",
  "working days",
  "hours of operation",
  "college timing",
  "college hours",
  "college open",
  "college opening time",
  "college time",
  "timing college"],

  "responses": ["VIET College offers Graduate and Post Graduate in Comp Sc, IT, Mechanical engineering, Chemical engineering, Civil engineering & Business to aspiring students.Our college premises will be open from Monday to Friday between 7:00 AM to 5:00 PM only."]
  },

  {"tag": "funActivities",
  "patterns": ["will there be any extra curriculum activities?",
  "does the college conducts any fun programdos"],
  "responses": ["Yes, Of course. Our college not only provides excellent education but also encourage students to take part in different curriculum activities. The college conducts yearly programs like Sports meet, Carnival, Holi festival, and Christmas. \n Also our college has basketball court, badminton court, table tennis, chess, carrom board and many more refreshment zones."]
  },

  {"tag": "facilities",
  "patterns": ["facilities provided by the college",
  "facilities of college for students",
  "facilities",
  "facility",
  "facilities provided", 
  "College facility",
  "facilities available",
  "facility available",
  "bus facility",
  "college facilities",
  "do you have facilities",
  "do you have facility"],
  "responses": ["With excellent education facilities, Our College provides various other facilities like 24 hours internet, library, classes with AC, discusson room, canteen, parking space, and student service for any students queries."]
  },

  {"tag": "fees",
  "patterns": ["college fee",
  "fees",
  "fees structure",
  "fee structure",
   "college fees",
  "fee per semester", 
  "hostel fees",
  "room fees"],
  "responses": 
  ["Graduate per unit credit Rs.1 Lakhs,Post Graduate per unit credit Rs.1.5 Lakhs,Exam fee Rs 10,000 per semester,Hostel accomodation Rs 80000 per year."]
  },

  {
   "tag": "number",
   "patterns": [
      "more info",
      "contact info",
      "how to contact college",
      "college telephone number",
      "college number",
      "contact no",
      "Contact number?",
      "how to call you",
      "College phone no?",
      "contact",
      "phone number",
      "phone no",
      "call",
      "email",
      "mail",
      "facebook",
      "twitter",
      "linkedin",
      "X"
   ],
   "responses": [
      "You can contact us at +91-44-1234 5699",
      "whatsapp +91-44-1234 5699",
      "facebook - fb www.https.facebook.com/abc",
      "linkedin www.https.linkedin.com/in/abc-618abc12"
   ],
   "context_set": ""
 },

  {
    "tag": "cafeteria",
    "patterns": [
       "meal plan offered ",
       "meal",
       "cafeteria",
      "dining hall open time",
      "time is the canteen open",
       "cafeteria open tme",
       "dining located",
       "canteen located",
       "cafeteria located",
       "cafeteria",
       "canteen facility",
       "canteen facility like",
       "canteen",
       "canteen place",
       "cafeteria place",
       "canteen location",
       "cafeteria location",
       "do you have cafeteria",
       "do you have canteen"
    ],
    "responses": [
       "Cafeteria offers healthy options for vegeterians & non vegeterians.It is open from 7 Am to 9 PM on all days.Meal plan includes 84 meals per month.",
       "cafeteria is located on the opposite side of library Block."
    ]
  }, 

  {
    "tag": "hostel",
    "patterns": [
       "information hostel",
       "information on hostel",
       "hostel facility",
       "hostel fee",
       "hostel fees per semester",
       "rooms in hostel",
       "hostel fees for each year",
       "hostel fees",
       "hostel fees for first year",
       "hostel fees for second year",
       "hostel fees for third year",
       "hostel fees for fourth year",
       "food facilities in hostel",
       "room facilities in hostel",
       "hostel & room facility",
       "fees of hostel",
       "fees for hostel",
       "dormatory like",
       "hostel fees",
       "room fees",
       "do you have hostel"
    ],
    "responses": [
       "Our hostel has 1000 accomodations single/double occupancy with good facilities for simple and peaceful stay.<br>Hostel accomodation 12000 per student per year.<br>For more details contact at +91-44-1234 8699."
    ],
    "context_set": ""
  },

  {
    "tag": "faculty",
    "patterns": [
      
       "faculty",
       "Teachers",
       "Lecturers",
       "Professors",
       "faculties",
       "HOD",
       "Head of the Department",
       "faculty available",
       "faculties available",
       "whether the faculty is available?",
       "whether the teachers is available?",
       "whether the lecturers is available?",
       "teachers strength",
       "lecturers strength",
       "faculty vacancy",
       "faculty strength",
       "faculty size",
       "do you have faculty"
       
    ],
    "responses": [
       "Our college has a faculty strength of around 300 qualified and experienced lecturers,professors & HOD guided by our principal with remarkable credentials."
       
    ],
    "context_set": ""
  },
  {
    "tag": "Opportunities",
    "patterns": [
 
       "faculty opportunities",
       "do you hire",
       "openings in faculty",
       "when do you hire",
       "do you recruit",
       "recruit",
       "when do you recruit for faculty position",
       "who can join as faculty",
       "whats the faculty hiring like",
       "openings",
       "recruitment",
       "Opportunities",
       "opportunity",
       "job",
       "jobs",
       "opening",
       "job opening",
       "hiring",
       "hire",
       "recruiting",
       "position",
       "faculty openings",
       "faculties openings",
       "recruitment"
    ],
    "responses": [
       "VIET hires for various positions such as lecturers,Assistant Professors,Professors,HOD,tutors,Lab Technician,Administrative Staff and Finance Staff.<br>Visit our website section [Job Opportunities at VIET] for more details."
    ],
 
    "context_set": ""
  },

  {
   "tag": "principal",
   "patterns": [
      "name of principal",
      "principal name",
      "principals name",
      "principal's name",
      "college principal",
      "principal's office",
      "principal",

      "principal college"
   ],
   "responses": [
      "Mr.Xavier is the college principal and he has rich experience education faculty building.<br>He is an academician with doctrate in education & industrial skill development."
   ],
   "context_set": ""
 },
 
 {
   "tag": "library",
   "patterns": [
      "library facility",
      "books",
      "reading",
      "library",
      "reading",
      "reading books",
      "student reading",
      "reading facility",
      "reading place",
   "study room",
   "student study hours",
   "study hours",
   "do you have library",
   "do you have books",
   "do you have study room",
   "do you have library books",
   "library books"
   ],
   "responses": [
      "Our college has got excellent library facility fully air conditioned wih 50000 books across all branches of egineering.Students can study during free time, holidays, after college hours upto 8 PM.<br>Each student will be permitted to borrow 3 books at a time."
   ],
   "context_set": ""
 },

 {
   "tag": "students",
   "patterns": [
      "number of students",
      "number of seats per branch",
      "number of seats in each branch",
      "maximum number of seats",
      "maximum students intake",
      "maximum number of students",
      "maximum No. of students",
      "max No. of students",
      "college intake",
      "students taken in each branch",
      "seat allotment",
      "seats",
      "students",
      "students strength",
      "student strength",
      "number of students in institute",
      "number of students in college",
      "student strength",
      "student size",
      "total students",
      "college strength",
      "students studying",
      "student studying",
      "studying",
      "boys studying",
      "student strength in college"
      
     ],
   "responses": [
      "For IT, Computer and ECE 60 students per branch and seats may differ for each department.",
      "Totally our college has 3000 students enrolled in bachelors & masters program among varius branches of engineering"
   ],
   "context_set": ""
 },

 {
   "tag": "uniform",
   "patterns": [
      "college dress code",
      "wear casuals",
      "casual dress",
      "uniform",
      "wear uniform",
      "dress code",
      "college uniform",
      "dress",
      "formal dress",
      "formal",
      "dress code",
      "do you have dress code"
   ],
   "responses": [
      "casual Trousers, shirts/collared Tshirts are permitted in university campus."
   ],
   "context_set": ""
 },

 {
   "tag": "vacation",
   "patterns": [
      "holidays",
      "semester starts",
      "semester end",
      "list of holidays",
      "Holidays in this year",
      "Holiday in this year",
      "holiday list",
      "vacation",
      "summer break",
      "summmer holiday",
      "winter holiday",
      "winter break",
      "non working days",
      "working days",
      "working",
      "working hours",
      "college vacation",
      "do you have vacation",
      "do you have holidays"
   ],
   "responses": [
      "Academic calender is given to you by your class-coordinators after you join your respective classes"
   ],
   "context_set": ""
 },
 {
   "tag": "academics",
   "patterns": [
      
      "academics",
      "research offered",
      "fellowship offered ",
      "programs offered ",
      "thesis offered ",
      "fellowship",
      "doctorate",
      "researchers",
      "reasearchwork",
      "thesis",
      "research",
      "scholarship",
      "student aid",
      "government aid",
      "student community",
      "students group",
      "project group",
      "project guide",
      "tutors",
      "community",
      "mentor",
      "scholarship available",
      "scholarship engineering",
      "scholarship it",
      "scholarship ce",
      "scholarship mechanical",
      "scholarship civil",
      "scholarship chemical",
      "scholarship for AI/ML",
      "available scholarships",
      "scholarship for computer engineering",
      "scholarship for IT engineering",
      "scholarship for mechanical engineering",
      "scholarship for civil engineering",
      "scholarship for chemical engineering",
      "list of scholarship",
      "comps scholarship",
      "IT scholarship",
      "mechanical scholarship",
      "civil scholarship",
      "chemical scholarship",
      "automobile scholarship",
      "first year scholarship",
      "second year scholarship",
      "third year scholarship",
      "fourth year scholarship",
      "academics offered in college"
      
 
   ],
   "responses":[
      "Our college facilitates academic learning with reasoning, guided by eminent academician , professor, mentor,project guides,student communities,sports communities to nurture students to become indusrially accepted.<br> Many government scholarships are supported by our university."  
    ],
   "context_set": ""
 },

 {
   "tag": "committee",
   "patterns": [
       "committee in college",
       "Are there any committee in college",
       "committee details",
       "committee",
       "committees",
       "committee list"

   ],
   "responses": [
      "The committees are directed towards achieving the college mission which is to provide youngsters with an integral formation of academic, professional and human commitment."
   ],
   "context_set": ""
 },
 
 {
   "tag": "sports",
   "patterns": [
      "sports and games",
      "sports details",
      "sports infrastructure",
      "sports facilities",
      "sport",
      "information about sports",
      "Sports activities"

   ],
   "responses": [
      "Our university encourages all-round development of students and hence provides sports facilities in the campus."
   ],
   "context_set": ""
 },

 {
   "tag": "floors",
   "patterns": [
      "size of campus",
       "building size",
       "floors",
       "floors in college",
       "floor",
       "size of college"

   ],
   "responses": [
      "My College has total 2 floors."
   ],
   "context_set": ""
 },


 {
   "tag": "salutaion",
   "patterns": [
      "okk",
      "okie",
      "nice work",
      "well done",
      "good job",
      "thanks for the help",
      "Thank You",
      "its ok",
      "Thanks",
      "Good work",
      "k",
      "ok",
      "okay"
   ],
   "responses": [
      "I am glad I helped you",
      "welcome, anything else i can assist you with?",
      "Happy to help!",
       "Any time!",
       "My pleasure"
   ],
   "context_set": ""
 },

  {"tag": "thanks",
    "patterns": ["Thanks", "Thank you", "That's helpful", "Awesome, thanks", "Thanks for helping me"],
    "responses": ["Happy to help!", "Any time!", "My pleasure"]
  },

  {
   "tag": "hod",
   "patterns": [
      "hod",
      "hod name",
      "who is the hod"
   ],
   "responses": [
      "HODs differ for each branch, please be more specific like: (HOD it)"
   ],
   "context_set": ""
}
]}